,City,Temperature,Humidity,Cloudiness,Wind,lat,lng
0,gardez,13.16,43.0,1.0,1.52,33.420496430707104,69.08621340040563
1,castro,7.0,75.0,0.0,1.0,-42.92911722694919,-94.30244722368282
2,dubenskiy,,,,,51.37555612326804,56.808936020526545
3,alekseyevka,12.0,71.0,40.0,5.0,51.108434190573576,70.16272503797819
4,kruisfontein,11.56,93.0,0.0,2.53,-71.94814477218046,27.711112569679386
5,saint-philippe,19.0,93.0,90.0,5.1,-68.30076740229647,71.31787269371878
6,lasa,24.0,77.0,0.0,3.1,32.41731135346765,92.1090204076886
7,mandalgovi,2.62,78.0,100.0,8.64,44.03932685455072,106.42314908276035
8,albany,26.11,65.0,75.0,4.1,-66.2048484295178,112.95567833356301
9,lebu,14.0,87.0,75.0,1.0,-31.573121458850984,-100.73803769124014
10,constitucion,22.0,43.0,90.0,2.6,-32.58751256200899,-78.78741936077914
11,nikolskoye,6.67,93.0,75.0,3.0,31.785714805603646,172.85688191881582
12,bambous virieux,22.78,88.0,75.0,3.6,-32.740521494661294,83.52424170717268
13,wulanhaote,,,,,44.78821054975654,120.98678857768328
14,pevek,-0.06,96.0,100.0,9.06,74.15431287200207,169.96475060766977
15,sinnamary,28.02,71.0,54.0,5.38,10.885219567200323,-49.14014028380868
16,norman wells,12.0,58.0,90.0,3.1,67.983856688646,-129.22284505400606
17,cabo san lucas,30.0,61.0,75.0,7.2,14.688430258562974,-115.07008143837737
18,carnarvon,12.36,19.0,8.0,3.91,-25.284413024489098,99.43018471305885
19,ulaangom,2.93,36.0,100.0,4.67,48.345579150972384,92.46942602383314
20,naze,23.04,96.0,100.0,1.34,30.023955265885377,128.9701412805219
21,grindavik,8.0,93.0,90.0,3.6,52.467105849636624,-25.16346725904097
22,ushuaia,5.0,72.0,75.0,12.9,-76.23422288532933,-45.44754916867274
23,beloha,20.71,80.0,25.0,3.36,-29.43605505193073,43.22723242790269
24,puerto ayora,26.0,57.0,20.0,10.3,-14.933335020134024,-95.84873714120359
25,yellowknife,10.0,57.0,40.0,1.5,64.04143382667971,-115.68586186477839
26,bredasdorp,15.56,76.0,100.0,2.1,-55.50322259791442,19.448407993401503
27,new norfolk,9.44,81.0,75.0,4.6,-65.69088680126195,132.8276482025168
28,rikitea,20.16,80.0,67.0,5.77,-32.70361123951326,-137.8501929798924
29,afsin,10.15,38.0,0.0,0.9,38.28042504092403,37.05842892535469
30,tasiilaq,2.0,69.0,84.0,8.7,72.1447777009133,-33.487319415118804
31,cidreira,23.0,66.0,24.0,6.22,-38.49746110809585,-43.730627619841925
32,asau,,,,,-15.925654861848514,178.69285252090043
33,horsham,9.42,75.0,98.0,4.75,-35.4553347688429,141.87802588087652
34,sterling,30.56,62.0,1.0,2.6,39.403948206557914,-102.79853861873704
35,busselton,7.22,71.0,77.0,1.25,-39.77116124671655,107.70095409432957
36,kapaa,30.0,66.0,40.0,6.7,16.839800666215112,-164.3456952800836
37,hilo,28.89,69.0,20.0,2.1,23.32916521135266,-148.44221444723826
38,mataura,7.78,79.0,67.0,7.15,-82.6890668737087,-166.46170049668441
39,beringovskiy,4.8,84.0,97.0,2.01,61.94000584114926,179.75810352778274
40,sijunjung,18.23,88.0,94.0,0.62,-1.3664592904246717,101.10271059513423
41,qaanaaq,0.83,96.0,100.0,4.65,87.05335657008959,-97.35872584780442
42,georgetown,31.0,74.0,40.0,4.1,-11.815932379127986,-13.656130567423759
43,palabuhanratu,,,,,-10.824349659838646,105.79187453736915
44,tuktoyaktuk,5.0,93.0,90.0,2.6,81.026055358306,-137.0211990878823
45,taltal,13.46,72.0,78.0,1.84,-25.28039519121606,-76.7691886718436
46,hervey bay,20.0,72.0,80.0,5.1,-24.231267324149627,156.1274045768041
47,tonantins,33.23,49.0,24.0,1.34,-2.217214678437088,-68.28649292449845
48,maceio,24.0,83.0,0.0,3.1,-15.37455257695649,-28.32746883831834
49,namwala,19.95,18.0,75.0,2.55,-15.397667645841821,26.384887096311502
50,watsa,18.17,96.0,100.0,0.5,3.5580809768874246,29.483261090198653
51,macomb,32.22,58.0,75.0,3.1,40.36796727646234,-90.67517893419988
52,yulara,17.0,27.0,100.0,2.6,-24.241694125124937,127.0705820612373
53,upernavik,2.35,66.0,1.0,4.92,88.7942422269494,-53.559155176363035
54,atuona,26.29,78.0,22.0,6.92,-11.184394014170095,-141.13058906121665
55,muisne,27.0,83.0,20.0,5.7,2.9782453479056556,-84.97471059737654
56,dubrovnik,19.0,77.0,0.0,4.1,42.62288207677423,17.993655712463294
57,marysville,17.22,48.0,1.0,3.1,43.233862419294184,-82.73908596860882
58,nizhneyansk,,,,,76.40953097962137,133.8006632740757
59,taolanaro,,,,,-50.64813422351547,54.35310946218047
60,longyearbyen,-5.0,85.0,20.0,1.0,84.74757474895358,15.301254906898833
61,fortuna,19.44,67.0,20.0,6.7,37.69138954540985,-133.58904076537718
62,souillac,16.67,87.0,75.0,3.1,-54.892546617388426,76.75444818973244
63,chernyakhiv,10.92,75.0,0.0,5.16,50.41182470599068,28.330631199775524
64,severo-kurilsk,7.92,90.0,97.0,5.19,34.889975217887795,163.23888922234522
65,moussoro,31.75,47.0,33.0,3.12,14.014799491115937,17.238806058447295
66,santo antonio do sudoeste,32.11,30.0,0.0,2.31,-26.460186562984802,-54.07030093964387
67,pangnirtung,2.0,100.0,75.0,4.1,63.10680807633065,-62.02250840961257
68,kodiak,31.11,62.0,75.0,6.7,39.63183127587874,-148.9839759153154
69,aitape,23.6,87.0,93.0,1.22,-2.821101089155249,143.00244154126273
70,barentsburg,,,,,76.54240173618584,2.741482683542955
71,punta arenas,7.0,56.0,20.0,8.2,-75.13187086304012,-104.9489406469917
72,aflu,,,,,32.84911477056353,1.217185274858565
73,pierre,10.0,66.0,90.0,6.2,43.10126103731861,-100.85264388280822
74,viligili,,,,,0.06936678506393434,78.16363333541739
75,bluff,18.32,77.0,2.0,6.47,-51.61392033826144,168.97013889424466
76,tiksi,-2.2,94.0,99.0,7.5,72.64269103237686,130.05284292546963
77,homer,12.0,76.0,75.0,13.99,59.7690404994768,-152.0010788257408
78,viedma,11.24,34.0,0.0,5.42,-41.79016518794042,-60.26280423198796
79,ostrovnoy,2.17,82.0,90.0,11.23,79.98830934518512,42.95553301148698
80,cacoal,23.11,88.0,100.0,1.67,-10.653668849229248,-60.76337219619985
81,ljubinje,19.0,77.0,0.0,4.1,42.83250046368127,18.00254685521847
82,sakakah,,,,,29.22747714870313,40.9158604699507
83,menongue,17.09,20.0,92.0,2.41,-14.850074413965359,19.066599098513876
84,pombas,33.93,34.0,68.0,1.46,18.04219105236092,-24.27788862185531
85,avera,34.0,52.0,40.0,3.6,-22.981011275226464,-153.97303228117465
86,tigzirt,19.93,47.0,0.0,0.65,37.128653593911636,3.8130784109308706
87,rossland,11.67,39.0,44.0,1.34,48.746804457541316,-117.8246431610988
88,hobart,8.0,81.0,75.0,4.6,-69.57482301990282,149.75406154819518
89,drayton valley,9.53,49.0,67.0,2.21,53.18691734310198,-115.1031681522537
90,tutoia,26.17,68.0,0.0,4.7,0.886429845084578,-42.32143018441792
91,cape town,16.67,72.0,0.0,2.1,-47.043544602058326,10.755426936777837
92,mackenzie,11.0,50.0,20.0,4.1,56.11271730730627,-124.47762309053829
93,lavrentiya,3.63,99.0,100.0,2.96,68.25935744890762,-170.05253949798526
94,khromtau,6.2,46.0,94.0,4.88,50.479374955561724,58.554690570742906
95,plouzane,14.0,87.0,90.0,5.1,48.19599282120612,-6.206962743820327
96,leningradskiy,1.57,98.0,100.0,7.89,69.30224923595242,179.03694610537275
97,iqaluit,4.0,68.0,75.0,1.0,61.802647885362774,-74.51778834950669
98,torbay,8.33,75.0,75.0,2.6,44.94171788289833,-46.16825764041059
99,orlik,14.0,87.0,75.0,6.7,52.39519618344531,98.11710199918713
100,port elizabeth,30.0,64.0,1.0,3.6,-61.34499286164494,28.31752725370714
101,elko,11.0,37.0,40.0,3.6,38.58427342067091,-115.58469880039273
102,puerto leguizamo,32.49,53.0,34.0,1.34,-0.23494104450305997,-74.8083343698197
103,alofi,27.0,65.0,40.0,5.1,-20.186760323121632,-170.70529037099303
104,barrow,12.1,51.0,47.0,3.82,82.98619945940402,-145.46299671484593
105,nuevo ideal,21.54,57.0,90.0,2.72,24.662932318556315,-105.15256263083506
106,thompson,6.0,41.0,40.0,1.0,75.25445473659784,-96.76494259301742
107,te anau,2.51,95.0,89.0,1.29,-39.481318175392644,160.22780714599236
108,ribeira grande,22.65,83.0,100.0,14.25,40.512802948420955,-37.05123930550718
109,narsaq,12.0,25.0,100.0,18.0,79.746207078841,-62.84026095399585
110,dunedin,8.89,68.0,81.0,14.75,-57.35574051511785,178.42928682302613
111,inzer,3.26,85.0,100.0,2.27,54.00017376221348,57.932009604531345
112,avarua,25.0,61.0,0.0,6.7,-52.38154389907925,-162.69151938948053
113,saskylakh,-3.62,96.0,90.0,4.34,82.62322227270081,121.00188581208528
114,port-gentil,25.0,88.0,20.0,4.1,-5.351002676076305,0.0049366282574112574
115,codrington,18.89,93.0,40.0,2.6,23.66857682377311,-46.500247714810286
116,mount gambier,15.0,41.0,100.0,5.1,-38.03934253023016,138.54836906699182
117,mar del plata,9.82,22.0,100.0,5.66,-65.75406806800862,-31.194429184491753
118,sitka,19.44,94.0,100.0,6.26,40.08393669544046,-143.58994375048368
119,henties bay,17.22,87.0,0.0,2.68,-21.119280041724238,7.161697706439696
120,luanda,24.0,88.0,20.0,3.1,-9.504016461801172,13.821279357823641
121,tual,26.14,85.0,62.0,8.11,-4.639840301703714,130.8105746992456
122,half moon bay,21.67,51.0,1.0,5.7,28.589650013248303,-138.60483301414362
123,illoqqortoormiut,,,,,88.27495146041454,-33.21786311574621
124,port alfred,15.0,89.0,3.0,2.68,-80.43485708015646,45.2717782266385
125,guayaramerin,32.24,47.0,97.0,1.53,-10.488940979242543,-65.4412988946664
126,east london,12.59,87.0,53.0,2.32,-43.9442603879173,36.15853513024703
127,outjo,14.88,33.0,15.0,1.61,-19.271510365814066,16.32532241603147
128,araouane,36.09,14.0,0.0,2.66,19.81012152185174,-7.947610222909304
129,hofn,-5.19,71.0,24.0,2.06,62.86442815986652,-13.689153552272302
130,sao filipe,25.83,88.0,77.0,6.86,6.04428449828967,-31.758539123345372
131,hasaki,18.33,100.0,75.0,1.0,29.778360178733934,152.85901077546316
132,port augusta,21.0,19.0,0.0,4.6,-30.004357194603614,138.35077416933063
133,gat,29.0,88.0,84.0,1.5,21.865661125895713,10.139048002863916
134,rawson,5.88,55.0,80.0,5.88,-48.710056210139506,-61.639522317088435
135,pavlovsk,2.0,47.0,0.0,2.0,53.51983263570298,83.03564493931248
136,zabol,25.0,29.0,0.0,7.2,30.759372638442372,60.24450987634205
137,belushya guba,,,,,84.32709856406618,47.22853155863464
138,dikson,-2.01,85.0,6.0,8.67,71.16500709878963,78.80376190382702
139,mugreyevskiy,,,,,56.68903276172992,42.26024768768127
140,bull savanna,28.65,77.0,77.0,5.63,16.221205539404295,-77.68655880942332
141,mahebourg,22.78,88.0,75.0,3.6,-38.16314566565062,74.55165418681219
142,havelock,29.0,48.0,1.0,4.6,-41.53833048903708,173.81382426942736
143,teruel,20.0,62.0,0.0,2.6,40.255653424977254,-0.9040393179579098
144,udala,20.0,77.0,75.0,3.6,21.680208038705047,86.70766544431092
145,yar-sale,3.73,95.0,100.0,3.73,74.64374140034752,70.22317758273502
146,takoradi,23.57,93.0,100.0,1.6,-0.08971271262790026,0.2747851851828784
147,sentyabrskiy,,,,,37.26358551483966,154.01716641307274
148,bangassou,20.7,98.0,95.0,0.17,5.692511558802323,22.614285726130618
149,weinan,19.44,100.0,37.0,0.48,33.9178343884341,109.85242012637309
150,vaini,23.45,94.0,71.0,0.58,-23.701179503196087,-176.50985742428097
151,chokurdakh,-6.73,80.0,0.0,7.62,82.9058972045516,149.7628513898207
152,itoman,27.0,88.0,40.0,5.7,19.246595643610306,131.40170075588748
153,tefe,31.0,70.0,40.0,2.6,-3.5170000609729897,-63.886074895568896
154,rolim de moura,,,,,-12.407955705750908,-61.845001792039
155,oliva,19.13,20.0,97.0,7.15,39.02243143520923,0.016820525164433775
156,provideniya,8.0,87.0,75.0,7.0,55.82142013185009,-170.42821487104987
157,bethel,7.0,75.0,1.0,4.1,55.363402008817815,-161.527701751677
158,mae hong son,19.44,96.0,98.0,0.69,19.461421666540005,98.46296502873997
159,chinsali,20.67,70.0,91.0,1.51,-10.967065594099381,32.17790682671773
160,broken hill,15.0,18.0,30.0,4.1,-27.70503738107692,142.6166410016882
161,aranda de duero,14.71,52.0,0.0,3.25,41.79925587272717,-4.02914609159285
162,berlevag,2.0,74.0,40.0,8.7,81.70439612513698,32.47558935439616
163,san jose de gracia,25.68,47.0,0.0,3.08,22.101279868693965,-102.45178966617485
164,samusu,,,,,-5.200414836621192,-165.64689804069113
165,mattru,24.1,96.0,69.0,1.59,2.0583259793019693,-15.930574360519387
166,richmond hill,23.0,94.0,75.0,5.1,31.658089122961712,-81.24421947786148
167,shahpura,21.18,88.0,0.0,3.81,25.450027621373465,74.959354041582
168,skjervoy,3.0,69.0,75.0,9.3,72.39803398486114,19.938398014710913
169,doha,33.0,70.0,80.0,1.5,27.79211379028557,45.99545251528008
170,ketchikan,11.0,71.0,90.0,12.3,56.39275679517917,-132.37381648846127
171,mount isa,24.0,15.0,0.0,2.1,-20.01584028656417,137.6059851840273
172,victoria,24.0,94.0,75.0,1.5,-7.3708210936338645,50.73848334623989
173,kostomuksha,7.43,83.0,100.0,9.34,64.92070547798511,29.839165820436733
174,chifeng,14.23,67.0,0.0,4.33,44.0980154850117,119.29094745149547
175,klaksvik,7.0,81.0,73.0,8.7,74.11811530859057,-1.4561133934141992
176,pyaozerskiy,4.12,91.0,100.0,14.33,65.99812420487487,31.771065057310636
177,kaa-khem,-4.09,65.0,2.0,1.97,52.13222028800473,94.73589547582651
178,chagda,,,,,57.922201288159386,132.07183576898456
179,socuellamos,21.67,44.0,0.0,4.57,39.28005789208095,-2.7222481184857656
180,khani,13.0,93.0,0.0,1.5,56.90809213399746,119.65174569782647
181,mys shmidta,,,,,84.2061548077645,-175.93720273736523
182,kavaratti,27.24,70.0,12.0,1.74,12.040598325205025,66.1132770546935
183,halalo,,,,,-14.946704996011064,-178.8952690199726
184,ponta delgada,23.0,83.0,75.0,6.2,28.31749878010413,-27.54304387979562
185,huilong,20.66,77.0,100.0,1.39,32.06994404107087,125.17616715374521
186,kahului,30.0,51.0,20.0,7.7,35.93707418716353,-151.00476329982436
187,jamestown,18.33,24.0,0.0,5.07,-43.84239224536651,-16.79983778699355
188,calbuco,9.0,61.0,75.0,3.6,-41.531456275290246,-73.43214667353753
189,paratinga,29.05,44.0,65.0,2.02,-12.741533916991969,-43.19378327045729
190,rabo de peixe,23.0,83.0,40.0,6.7,39.23028650951511,-25.02352214437525
191,khatanga,-7.57,89.0,1.0,0.55,71.62306375880658,106.6287825865291
192,meulaboh,26.42,75.0,100.0,2.34,4.357061317415955,95.54237880180727
193,laguna,31.0,66.0,40.0,3.1,-42.5391627807792,-32.7684883272664
194,tuskegee,37.22,36.0,1.0,2.6,32.19303685309137,-85.45223072978222
195,bonavista,6.11,79.0,82.0,2.24,49.25949275687526,-51.12850580339466
196,sorland,7.0,70.0,0.0,2.6,72.89870011941815,9.955851400423398
197,chuy,18.27,95.0,100.0,4.47,-50.633191431175625,-32.91707031890189
198,nabire,20.6,97.0,92.0,1.11,-2.703092462139452,137.2064466885857
199,ponta do sol,24.46,48.0,0.0,2.96,22.921141787721808,-40.10548118665267
200,mogadishu,25.22,84.0,0.0,4.88,-0.15554190936602197,47.92541606806083
201,rocha,14.09,98.0,100.0,4.29,-40.73222440522622,-47.967423505553114
202,inhambane,17.75,83.0,100.0,3.62,-28.82680183671524,38.070923459353736
203,vila velha,27.0,65.0,0.0,4.6,-30.707129186111757,-22.095148398774825
204,tagusao,26.63,79.0,33.0,1.82,12.818452480913137,114.86985129298847
205,tahe,2.63,88.0,100.0,2.73,51.87269819618763,125.36884126431852
206,hithadhoo,27.68,78.0,84.0,7.75,-19.029981121044685,82.94273092465659
207,krasnoselkup,,,,,65.63920888322036,81.99283836700755
208,los llanos de aridane,23.0,88.0,6.0,5.7,24.77621218288982,-22.158151234339158
209,masjed-e soleyman,,,,,31.598489353008006,49.10604917028809
210,elverum,5.56,94.0,100.0,1.79,61.06541111373818,11.817135043850271
211,kudahuvadhoo,27.75,79.0,89.0,6.29,2.826950966756627,72.77621642894067
212,grand river south east,,,,,-27.21160437738373,79.52647821082957
213,karaul,,,,,70.15312777924177,80.72402217279216
214,tukrah,,,,,33.33732242220812,19.95812935644952
215,abu dhabi,31.0,79.0,66.0,2.1,22.961551187715813,55.43425034575981
216,plastun,13.76,44.0,0.0,2.21,44.5775946346688,136.4044827350487
217,caravelas,22.41,80.0,8.0,5.29,-17.97298054513263,-38.9474651494792
218,barra do garcas,36.0,32.0,20.0,3.1,-13.867780326403718,-53.40085293641785
219,north bend,15.56,67.0,1.0,6.2,44.70299343643461,-129.7970462597346
220,ambilobe,24.08,73.0,0.0,6.21,-11.942669558768046,51.2230375091394
221,ojinaga,35.0,34.0,75.0,4.1,28.949202200990356,-104.887161079934
222,senanga,21.02,16.0,100.0,3.87,-17.308380797350708,22.791250470393464
223,san jeronimo,14.07,63.0,98.0,4.26,6.417439505827218,-105.75300677022882
224,karratha,23.56,29.0,0.0,5.14,-18.805640817783924,110.41844913291015
225,partizanskoye,4.99,76.0,93.0,2.77,55.596084118314025,94.29653724634176
226,atar,37.15,8.0,0.0,4.51,24.04515395945097,-10.726358344372699
227,cap malheureux,22.78,88.0,75.0,3.6,-15.19448721498162,56.85137635772793
228,bud,8.0,93.0,100.0,1.0,70.24099964954107,4.146513710748934
229,zhezkazgan,-1.0,42.0,0.0,4.0,47.811391469142166,65.8793104092191
230,hermanus,16.11,76.0,100.0,3.13,-51.84321785632724,15.690051787615147
231,butaritari,29.82,62.0,100.0,4.72,10.854920711389312,165.75910792707697
232,bathsheba,29.0,70.0,20.0,5.7,20.824307608866206,-48.90564094817293
233,redding,22.0,29.0,0.0,1.5,40.35888696270618,-122.87258051476962
234,umm kaddadah,26.98,56.0,31.0,3.43,12.76758201432412,26.543620438927775
235,pangody,3.02,96.0,100.0,4.76,67.51794339418953,74.70021683958882
236,san patricio,34.23,39.0,34.0,2.75,10.727063925273882,-112.88473410432192
237,ouahigouya,28.54,55.0,75.0,3.9,13.769123187319565,-2.6059819322105398
238,san quintin,22.95,91.0,98.0,1.47,25.23956423887053,-124.56294440684825
239,stratford,21.0,94.0,75.0,5.1,41.07192530655243,-73.13651245275067
240,charagua,35.0,34.0,67.0,5.1,-19.62004046904741,-62.81920463295225
241,kupang,25.07,67.0,0.0,1.82,-14.024948567666186,125.01819349632956
242,vologda,5.18,83.0,0.0,5.28,58.79236684113275,39.66970400473599
243,sokoto,26.94,74.0,43.0,0.49,12.414729971895383,5.691427380320164
244,rio bueno,27.0,74.0,75.0,1.0,-39.99411117211261,-72.85804683205956
245,saint-pierre,15.0,100.0,75.0,5.7,37.298971298872075,-55.786953926531325
246,andover,11.11,93.0,90.0,4.1,51.22559398426904,-1.5503639946070678
247,bandarbeyla,23.9,83.0,18.0,2.61,9.890997151256443,50.88483132834483
248,iquique,18.0,63.0,0.0,6.7,-19.771386755623496,-71.37545618851361
249,mancio lima,,,,,-6.54141827728759,-73.57056128588381
250,nanortalik,7.71,58.0,100.0,2.08,55.35149457853777,-38.83524479673849
251,katsuura,25.0,78.0,75.0,5.7,31.10810237175329,144.0256613792322
252,pinheiro,27.02,70.0,70.0,2.27,-2.834502092712782,-45.54545641697783
253,kapitanivka,11.1,70.0,0.0,2.28,48.84180681705121,31.930967480968434
254,wilmington,28.89,65.0,1.0,5.7,30.765720107198874,-75.44065483606887
255,kasongo-lunda,20.27,92.0,13.0,0.74,-6.790869779271787,17.92318825416112
256,urdzhar,,,,,46.65044813523272,82.81509740129178
257,rongcheng,21.11,24.0,100.0,1.34,23.76794758994862,115.88818828432585
258,itambe,20.5,81.0,15.0,4.86,-15.327667216913468,-40.441610744027514
259,qaqortoq,12.0,25.0,100.0,18.0,62.64266973768022,-44.868083592416156
260,baykit,-3.01,96.0,100.0,2.08,64.11050790265921,95.91906436909176
261,sabang,24.44,96.0,100.0,0.57,6.378298047156534,95.58569805267746
262,wasilla,11.11,87.0,75.0,3.6,64.46594199461376,-151.78625274981928
263,dukhovnitskoye,12.79,92.0,100.0,6.96,52.446877745506924,48.24325007492379
264,kununurra,22.0,83.0,0.0,0.5,-19.10237990440376,130.6536525803612
265,hauterive,4.0,93.0,90.0,6.7,51.26325177741833,-69.41517822510716
266,iralaya,30.0,79.0,75.0,3.1,14.80636736390639,-81.80043630427478
267,hinton,8.41,72.0,99.0,1.66,53.82933962398948,-118.29957740893856
268,emba,24.0,77.0,0.0,3.1,48.483064202149166,59.82564962443266
269,babanusah,,,,,11.333666444181787,27.184135380828252
270,pekalongan,22.12,84.0,18.0,2.45,-6.4379926798218605,109.63350083316988
271,kaitangata,7.78,61.0,86.0,4.92,-51.82620349819435,170.34451198508475
272,wrzesnia,15.56,82.0,0.0,4.1,52.3330314779393,17.64451288424283
273,karkaralinsk,,,,,49.96151423730882,77.45576254009399
274,esperance,12.0,100.0,90.0,2.6,-37.63174218788232,123.64808926096663
275,madang,3.73,68.0,100.0,1.7,-3.844619594830945,145.9578119527779
276,terra santa,34.62,35.0,40.0,2.29,-2.2308747996138862,-56.29355185391853
277,lompoc,23.89,31.0,1.0,6.7,32.10868070576977,-123.63585081402512
278,cherskiy,-5.1,87.0,93.0,3.22,83.06129493122981,156.9764643351869
279,honiara,25.0,88.0,75.0,1.5,-9.99570892366934,160.47327360226114
280,paamiut,6.13,67.0,100.0,7.13,62.18054140088836,-49.86666693199814
281,lazaro cardenas,29.0,48.0,75.0,5.7,4.844421596900503,-108.88981771958497
282,vallenar,16.61,42.0,100.0,4.18,-27.123111440401217,-73.82219730326067
283,dwarka,25.0,88.0,20.0,2.58,18.651341722467762,65.15736100041923
284,arraial do cabo,22.0,68.0,0.0,8.7,-38.93716027593623,-32.560471041799275
285,sibu,24.0,94.0,75.0,1.86,2.7622152758929843,111.51130941223755
286,uvalde,36.11,44.0,75.0,5.1,29.003116725370063,-99.50108542644006
287,tsihombe,,,,,-37.77438928801169,45.35477518818979
288,udachnyy,-7.0,100.0,90.0,3.0,65.28236191255169,112.80733594450345
289,labuhan,22.95,88.0,100.0,0.22,-7.480418884821887,104.59889501304252
290,guerrero negro,19.29,78.0,0.0,6.52,17.182796286869277,-129.61111218831243
291,masuda,24.0,88.0,90.0,2.6,34.9772068018553,131.66277379829307
292,gazli,10.16,24.0,0.0,3.53,40.06187199518635,63.35134602056169
293,changping,23.89,82.0,0.0,2.0,40.19302389344358,116.08179955622188
294,kegayli,,,,,43.05187274008148,59.328940672838996
295,kodinar,25.44,85.0,98.0,2.72,19.54693460631337,70.31002311420099
296,ust-nera,-10.07,94.0,100.0,0.92,62.82742073055567,141.68918433184115
297,jabinyanah,26.0,57.0,0.0,2.6,35.04750765775846,10.991169729367783
298,gboko,23.01,89.0,100.0,0.49,6.867799474411797,9.225747874470159
299,vaitupu,,,,,-1.7237086887058126,-174.53507657324295
300,saleaula,,,,,0.32072457927282016,-171.50623896004194
301,namibe,18.38,83.0,100.0,6.76,-12.854441860562233,8.93859710837674
302,kumluca,13.66,87.0,0.0,0.54,34.94534837133564,30.00428779469297
303,saldanha,14.4,72.0,0.0,4.57,-32.97711239906235,13.056791446537176
304,aquiraz,27.0,65.0,0.0,4.6,-1.2549306580742865,-35.89939543838753
305,riberalta,28.0,74.0,75.0,2.1,-11.394559064186211,-67.0044525389328
306,cayenne,29.0,70.0,0.0,4.1,13.892925154163478,-45.21025727032239
307,coos bay,16.67,67.0,1.0,6.2,42.133814137230104,-125.6019040543779
308,ibra,26.24,39.0,15.0,1.66,21.91003335865331,58.235626189848034
309,kamenka,7.22,89.0,0.0,3.33,66.25715107707515,44.173547882358264
310,benguela,21.65,83.0,100.0,3.58,-11.748614139191545,9.29573469665965
311,gotemba,22.22,93.0,90.0,2.1,35.396546065459404,138.9881306478049
312,phalaborwa,14.0,87.0,92.0,2.1,-23.594829689581886,31.128442754953824
313,hamilton,22.22,94.0,75.0,5.1,33.969683444537694,-66.25151432417378
314,quatre cocos,22.78,88.0,75.0,3.6,-14.296527878628979,70.03125516021251
315,aykhal,-7.0,100.0,90.0,3.0,66.27473099054066,107.79163160126228
316,karakendzha,,,,,38.116590052074656,71.48577187922339
317,aripuana,22.98,97.0,100.0,1.3,-10.378200154183432,-59.86897159474198
318,kyra,,,,,50.35319608281631,111.49248696462195
319,peniche,18.0,88.0,40.0,4.1,41.42750680108409,-14.197995597547248
320,terrasini,22.22,73.0,0.0,2.1,38.952975317105455,13.039087398718323
321,yian,,,,,47.3335644795408,125.24692724748684
322,roma,20.56,93.0,0.0,1.0,-27.37668989752406,145.62368966978403
323,coahuayana,28.02,71.0,57.0,1.14,7.674898884614194,-108.56789301003205
324,ishigaki,26.0,94.0,75.0,5.1,23.567108743880652,124.91580069686296
325,sao joao da barra,22.0,68.0,0.0,5.1,-30.17561319528705,-26.108386038076276
326,lolua,,,,,-4.239994019576841,176.913256637026
327,high level,14.0,49.0,20.0,2.6,58.60283000116678,-118.80182069523912
328,chichicastenango,16.67,85.0,84.0,0.89,14.887944769057995,-91.13202939241197
329,byron bay,21.11,93.0,90.0,1.5,-29.400874337794583,159.90764027148583
330,merauke,26.06,83.0,100.0,9.9,-9.789626547614105,138.58481315871
331,srednekolymsk,-6.17,85.0,27.0,3.72,66.9640167517995,156.79345714224434
332,zhaotong,13.75,97.0,100.0,1.3,27.81973282771007,103.36872494995157
333,shanghai,26.11,100.0,90.0,7.0,31.044093204522355,121.677607544181
334,margate,9.44,81.0,75.0,4.6,-33.663243118374204,33.4853556754247
335,marrakesh,28.0,30.0,0.0,3.6,30.35378570761914,-5.597394772831535
336,ghanzi,14.92,15.0,0.0,2.85,-22.453216086043355,21.971288008116858
337,warqla,,,,,31.646456965015375,5.769256061979206
338,eskisehir,13.0,71.0,0.0,1.5,39.62570788515808,30.69530853002857
339,chicama,18.0,82.0,75.0,4.6,-12.125916451470374,-86.39205294039849
340,matao,29.42,35.0,0.0,3.49,-21.632462596188788,-48.51037411967994
341,komsomolskiy,3.61,98.0,100.0,3.9,67.11375019206051,172.5377579118923
342,clyde river,1.0,100.0,90.0,4.6,67.08571686769028,-71.41830414417642
343,naryan-mar,2.67,95.0,97.0,3.22,67.2226469668303,52.05329165863526
344,isangel,25.0,69.0,75.0,5.1,-22.927467296714397,172.0508372782291
345,anadyr,5.56,80.0,40.0,4.0,65.66681655852247,174.14578097081022
346,shestakovo,-3.75,94.0,0.0,1.49,56.04652073603799,104.59556799766028
347,lagoa,21.0,68.0,0.0,4.1,51.86447727273702,-28.789430379711746
348,ibarra,19.0,63.0,75.0,5.7,10.158929758511277,124.88514285862055
349,abu samrah,19.82,58.0,0.0,1.35,23.73142726298323,49.05965673669269
350,olafsvik,,,,,64.94592551461554,-26.850731715981652
351,the valley,31.0,62.0,20.0,3.1,24.92511543813127,-60.20180203808657
352,moree,16.67,58.0,0.0,4.6,-29.022269120968474,149.0603876478949
353,puerto baquerizo moreno,23.0,78.0,40.0,9.3,4.492353393330831,-88.80855271368033
354,lisakovsk,5.1,51.0,67.0,4.66,50.30392381426469,63.261598644896594
355,suntar,-1.87,93.0,91.0,2.45,62.43527226196849,117.66558358499071
356,vityazevo,11.0,93.0,40.0,2.0,44.657573889818366,37.01674935314995
357,svetlyy,,,,,50.13311002608691,61.18680746693852
358,airai,20.83,71.0,0.0,1.65,12.940858251573744,142.95161127848445
359,morondava,25.74,77.0,68.0,7.02,-18.855743551858424,43.223507032286136
360,stoyba,,,,,53.05110969201925,131.43026871872485
361,ancud,7.0,75.0,0.0,1.0,-39.683100702918566,-96.45197654335735
362,antofagasta,15.0,77.0,75.0,10.3,-23.81780406329422,-73.74401491206636
363,osijek,15.56,82.0,0.0,2.6,45.57706113954916,18.751781853363724
364,amahai,25.01,88.0,98.0,2.53,-3.416393283283682,131.44901443666123
365,faanui,24.52,78.0,93.0,8.7,-2.3644604355863805,-153.7150336137913
366,santa lucia,22.0,93.0,0.0,1.0,27.51103857426473,-15.57168778044172
367,teofilo otoni,22.92,65.0,23.0,3.4,-17.921411472318056,-41.585044927231706
368,zhanatas,,,,,44.86412627265517,70.8471001285753
369,pomabamba,6.98,81.0,92.0,0.68,-8.455797471486747,-77.20757881592495
370,dianopolis,,,,,-11.495703761661815,-45.90602899947896
371,rio verde de mato grosso,33.3,38.0,56.0,3.09,-18.899745903465558,-55.73687463915685
372,ust-barguzin,1.29,77.0,48.0,1.1,52.98836979368059,109.0910343281509
373,nuuk,6.0,56.0,20.0,3.6,64.20190490664456,-51.75268081508534
374,gamba,1.09,70.0,43.0,1.29,-7.075369718838431,4.49246386384516
375,palaikastron,22.22,76.0,0.0,1.79,35.13057033956025,26.21427645029877
376,rincon,27.0,74.0,40.0,2.1,13.792636175839121,-68.37298534186473
377,marawi,23.33,90.0,100.0,2.24,18.988171296870405,31.27357749447944
378,bend,9.44,45.0,75.0,2.1,43.96660811661357,-121.14518417367391
379,sungaipenuh,20.53,92.0,88.0,0.97,-2.591541123270261,102.07066616649757
380,cervo,23.56,48.0,0.0,1.55,44.19042313062681,-7.280158524573835
381,martvili,13.0,93.0,0.0,1.5,42.53003239829329,42.29687836225679
382,kapit,21.73,99.0,100.0,0.86,1.4297774407208124,113.72961408772068
383,bilma,32.97,14.0,48.0,3.77,18.15133419316902,13.042638204452999
384,nizhniy kuranakh,-3.49,94.0,68.0,2.39,59.728938229687714,123.98690650200655
385,vallehermoso,23.4,83.0,100.0,1.4,10.322032779451192,123.39021515416414
386,umm lajj,28.59,81.0,0.0,6.05,23.370436683755457,36.742451695594866
387,antalaha,17.73,99.0,34.0,0.77,-13.734137029769258,55.633862921435394
388,merrill,11.67,39.0,20.0,1.5,45.39310768172666,-90.36445752242133
389,mandurah,10.0,100.0,19.0,3.21,-32.0516629413446,113.03024280799366
390,tigil,1.8,86.0,100.0,5.09,58.05749114785945,157.74516057513404
391,husavik,7.22,75.0,100.0,2.68,76.28126820910623,-8.986818128802014
392,ravenna,23.33,88.0,0.0,1.0,41.16443726445797,-81.23300094151858
393,la paz,30.0,42.0,90.0,2.28,23.83198075955724,-110.64932545042815
394,hovd,8.33,100.0,90.0,2.41,44.660039380585516,97.7095597620015
395,hatillo,29.44,88.0,1.0,2.6,21.06204509825622,-66.45563413506389
396,staunton,33.33,58.0,1.0,2.1,38.32944012909411,-79.35751543607077
397,mehamn,2.4,69.0,44.0,8.78,77.59993994695722,27.710076403992105
398,tazovskiy,1.63,93.0,100.0,3.32,68.34514679369596,76.8417167730903
399,amderma,,,,,78.06393452486944,68.13745038282374
400,bollnas,3.89,98.0,100.0,0.89,62.503366432518334,16.074821981129787
401,karasjok,4.0,64.0,40.0,10.8,69.5026967420736,25.207149211296695
402,batagay,-6.38,65.0,82.0,0.68,66.97453205458024,135.61962798771964
403,hilton head island,31.0,65.0,1.0,3.6,31.301309536927846,-79.9211207250388
404,ballinrobe,10.56,81.0,20.0,2.1,53.669907830772644,-9.324416720296767
405,mercedes,13.33,93.0,100.0,12.07,-33.243148337487646,-65.0042277490481
406,calama,18.0,31.0,75.0,12.3,-23.012274969672248,-67.58652252246206
407,levanger,5.56,100.0,90.0,3.0,63.71560598930722,11.282270742874601
408,isilkul,3.53,74.0,59.0,4.33,55.12805471809523,71.49775069640941
409,polson,10.0,42.0,20.0,0.31,47.22192763297198,-115.43733611399709
410,montepuez,23.93,76.0,35.0,3.28,-12.612372274983613,38.69125232320508
411,san luis,18.13,17.0,0.0,10.18,28.909562954506526,-113.64431685521737
412,haines junction,5.76,87.0,100.0,4.21,59.74252021861105,-137.70483201409579
413,gurgan,,,,,40.17150699186806,51.73700378591232
414,cefalu,22.22,80.0,0.0,1.79,38.438383500061576,14.143259391988465
415,tlahualilo,,,,,26.554111478186144,-103.57379167732869
416,qingdao,21.0,88.0,40.0,2.0,35.27747720770107,120.90226773222338
417,atchison,32.0,55.0,40.0,6.7,40.089013693151486,-95.74593587283888
418,moron,28.54,68.0,42.0,1.5,22.342520268307695,-78.69532046934638
419,tarata,15.0,82.0,90.0,4.6,-17.73698035772057,-69.15251999070321
420,killybegs,7.78,86.0,100.0,0.89,54.92749043715446,-8.63092209296002
421,porto novo,26.0,50.0,0.0,5.7,13.47717347982882,-37.28815147282131
422,noumea,22.0,60.0,40.0,9.3,-22.908166506058862,166.01635786497252
423,manzhouli,6.95,63.0,100.0,5.39,46.42507343692827,117.07332857876213
424,pitkyaranta,7.6,68.0,13.0,11.01,61.438142571184045,31.415113558436985
425,tarakan,24.57,88.0,99.0,2.64,3.005152259194361,117.34119865610285
426,auki,24.98,81.0,0.0,3.45,-6.094776806329989,163.4959044124165
427,butembo,15.71,97.0,6.0,1.3,-0.3301877872303862,27.94005782162975
428,yuli,17.75,82.0,1.0,0.84,22.701506378250443,122.7950343278477
429,ilulissat,8.0,42.0,40.0,7.7,81.30627158239042,-43.23532063425171
430,attawapiskat,,,,,58.53385155484531,-86.51334854063174
431,xining,7.83,50.0,100.0,1.86,34.054537485763575,96.50968698366864
432,la palma,28.07,63.0,100.0,1.45,6.81160039033972,-80.90893111458583
433,maunabo,32.0,70.0,20.0,4.6,17.137236938998058,-65.47739869157849
434,san carlos de bariloche,6.0,33.0,40.0,7.2,-41.84734640525057,-69.94889143478616
435,samarai,24.05,92.0,100.0,2.45,-11.713291228939738,154.59272932672297
436,sorvag,,,,,61.83504115638968,-9.929508209976433
437,salalah,27.0,78.0,20.0,4.1,18.368919939651704,55.33042469304445
438,najran,27.0,39.0,0.0,2.6,16.726356151129394,47.279946815398574
439,ruatoria,,,,,-32.511409450306054,179.50183089034437
440,melfi,21.0,100.0,40.0,2.1,11.226436049810403,18.548743525951892
441,wahpeton,11.11,70.0,100.0,7.7,45.62636063720001,-96.75708371564471
442,sampit,23.81,95.0,100.0,0.95,-3.9789005134870763,112.51089639769401
443,beyneu,12.59,51.0,27.0,6.88,43.12302785458803,56.65999826315317
444,waipawa,9.44,86.0,49.0,4.47,-44.48222947340956,178.16649650160838
445,saint george,20.0,93.0,0.0,2.6,35.00106355636825,-64.05627780946601
446,manitouwadge,11.0,76.0,75.0,5.7,49.16474039164183,-85.32410144347728
447,raudeberg,8.0,65.0,40.0,5.1,66.78485455593349,0.6606699129963545
448,pemangkat,,,,,3.099301147815396,108.3135540674694
449,chokwe,,,,,-24.892832478941997,32.43602873638497
450,siverek,24.0,29.0,0.0,1.23,37.51515541155901,39.27739921452891
451,daru,23.91,93.0,100.0,4.19,-10.944138916797058,142.63124308816646
452,talnakh,0.0,77.0,0.0,8.0,80.25160611319552,89.43395637699638
453,filiatra,22.78,88.0,20.0,2.1,37.12744185405717,21.174975915733825
454,buchanan,26.0,94.0,75.0,4.89,6.2883270599701575,-9.850892665786347
455,fairbanks,8.33,86.0,75.0,2.39,70.40220909920947,-144.42839829243596
456,beisfjord,7.22,56.0,26.0,15.9,66.31879551036403,17.845488536644893
457,bahia blanca,13.06,45.0,0.0,6.23,-38.32084701319545,-62.66299043740078
458,kiama,17.22,76.0,0.0,3.6,-36.09250076500122,153.56452436293893
459,vila,20.56,100.0,75.0,0.5,-16.523917802708226,171.14931898459167
460,sur,30.9,43.0,67.0,4.25,21.831904308079828,60.66742280928921
461,imeni poliny osipenko,8.95,98.0,100.0,0.79,52.829221529865094,136.44853885431445
462,kristiinankaupunki,,,,,61.74448844548073,21.281995007277885
463,kamenskoye,,,,,62.81454935519932,171.12397895016113
464,la ronge,5.0,60.0,90.0,2.6,63.42581300044941,-104.24539088609876
465,coihaique,7.0,52.0,75.0,2.6,-49.53278904961536,-72.90698930958733
466,vanavara,-2.03,92.0,100.0,2.05,60.795861333580405,101.14664015397739
467,leshukonskoye,7.07,97.0,100.0,4.16,66.50105653164687,45.792448863231385
468,balkhash,4.3,35.0,0.0,6.02,47.61582157744829,76.67386670721856
469,lage,15.0,93.0,90.0,2.6,51.94276926056858,8.827119884365942
470,gao,33.99,31.0,74.0,8.92,17.468324347592457,-1.2239478612252412
471,yunjinghong,,,,,22.026375369182247,99.48064968932943
472,tawkar,,,,,17.875102281354486,38.83562556627473
473,vostok,13.23,68.0,0.0,2.26,47.735030684390665,151.18217138991741
474,iguape,19.66,92.0,2.0,1.56,-25.36806469580874,-46.78489769584479
475,sao gabriel da cachoeira,32.23,53.0,100.0,0.65,-0.2360310957958518,-66.47905847660158
476,jacareacanga,33.0,49.0,0.0,0.31,-8.620926861248364,-57.979096512064714
477,yerbogachen,-2.19,85.0,76.0,3.13,62.59008534560962,108.47180967889813
478,terney,15.17,59.0,0.0,2.65,45.11585415228964,137.28474628220948
479,gorin,26.13,72.0,69.0,1.69,51.45748716166611,137.7329272875033
480,tambopata,,,,,-12.903957222279956,-70.1877514763977
481,gizo,26.0,69.0,40.0,0.5,-7.838653546629061,157.2511431868944
482,prokopyevsk,-1.38,85.0,0.0,1.44,53.831927298323706,86.71896134308429
483,kirensk,-4.7,83.0,0.0,1.67,58.03328442282489,107.43220975299744
484,arman,-2.24,57.0,100.0,2.18,59.12939615627229,148.7723488797913
485,neuquen,15.0,26.0,0.0,3.6,-39.31280007551936,-68.63853918260666
486,elizabeth city,28.33,65.0,1.0,2.1,35.83953537654119,-75.58294869018852
487,port blair,27.4,77.0,7.0,2.67,11.477692439560855,94.33759383134867
488,ondorhaan,,,,,48.20525955217286,111.4288396113406
489,matara,11.26,84.0,0.0,0.64,4.577333657491039,80.83382004479051
490,umzimvubu,,,,,-42.006624016421746,37.45950187134332
491,kindu,22.72,88.0,100.0,0.98,-1.8293821495099252,27.131522720061838
492,alakurtti,0.56,79.0,100.0,4.47,67.44014002469018,29.54246287410541
493,hualmay,16.7,90.0,54.0,6.56,-22.25483255748766,-96.64731461843948
494,aksu,-1.0,92.0,0.0,2.0,41.93209702703567,81.07520186591336
495,hambantota,26.99,74.0,83.0,1.97,-1.4622803303668235,84.53724290042993
496,nantucket,19.44,82.0,75.0,5.7,37.747117786048705,-70.83723342885784
497,altay,-4.11,47.0,0.0,1.3,47.905719077523685,87.64009803846966
498,dauriya,5.13,58.0,93.0,5.9,48.80146611931124,115.65762953862071
499,bac lieu,,,,,8.03761021847508,106.69758093806547
500,vangaindrano,22.11,96.0,96.0,0.97,-25.52052030266907,51.94686531153013
501,ozernovskiy,6.85,91.0,100.0,2.66,52.01805898388017,157.42285549178763
502,saint-augustin,17.22,100.0,90.0,1.0,52.73229805797661,-57.981392652044505
503,aklavik,9.0,61.0,75.0,2.6,68.92682826206152,-139.25046359566812
504,vanimo,25.77,78.0,100.0,3.98,-1.3256599522527495,142.31683848343835
505,ukiah,23.89,22.0,1.0,1.5,35.87393127817198,-128.81436032360804
506,agen,18.0,72.0,0.0,4.6,44.25446240018201,0.5341725874092731
507,puerto del rosario,24.0,88.0,0.0,6.7,27.275915815961255,-12.202133751487281
508,tawnat,,,,,35.049733062186334,-4.573259283854384
509,ereymentau,3.32,66.0,0.0,2.45,51.03483312326904,74.03645658463023
510,solnechnyy,10.24,94.0,39.0,0.73,59.277790625551404,139.13783466957744
511,kloulklubed,28.52,70.0,36.0,3.44,3.720158974706294,137.68594181292377
512,vad,9.44,78.0,0.0,1.18,55.4988032581376,44.141971326230106
513,forbes,20.0,48.0,0.0,1.34,-33.21704693618103,146.77503291804766
514,tuatapere,8.33,73.0,100.0,8.49,-50.86820104947444,159.44784496465883
515,pacific grove,22.22,48.0,1.0,5.1,33.80589666722905,-127.07531227573963
516,ginda,10.34,87.0,0.0,1.73,16.322608699782705,40.662177729070294
517,dharmavaram,25.74,73.0,96.0,3.11,14.544900897135165,77.87242257271299
